,Handle,Name,administration,bill,budget,care,climate,conservative,corruption,debt,dem,doubt,economy,education,environment,gun ,health,human,illegal,immigration,interests,lobby,marriage,men,obama,private,religion,research,rich,security,stop,tax,terror,torture,trump,union,united,veterans,war,welfare,women
0,CoryBooker,Cory Booker,-0.16616721311475413,0.09200352941176479,0.09509999999999999,0.2817417682926827,-0.12495,-0.16673333333333332,-0.8658,0.2273333333333333,0.06305114006514656,-0.296,0.12093703703703705,0.17066000000000003,0.261815873015873,-0.4947657894736843,0.3003251824817518,0.03572391304347826,-0.9434999999999999,0.14402000000000004,0.5293999999999999,-0.353490909090909,0.8650333333333333,0.14505335775335776,-0.05674680851063829,0.296775,0.2493,0.3117285714285714,0.4412428571428572,0.08939375,-0.04389478260869562,-0.040801941747572824,-0.3158875,-0.8752000000000001,-0.07459401330376945,0.45065999999999995,0.22106170212765955,0.426635,0.1502652459016394,0.0,0.037996899224806174
1,SenatorMenendez,Senator Bob Menendez,-0.11076307692307694,-0.0034757201646090762,-0.023161702127659573,0.1936899581589957,-0.05369999999999999,0.31622500000000003,0.4406,-0.19797391304347822,-0.015904255319148942,-0.5789666666666666,-0.004345945945945953,0.31337777777777776,0.11726923076923076,-0.2438844155844156,0.10710813397129183,0.02405934065934066,-0.18471999999999997,0.07914594594594594,0.4154625,-0.3588166666666666,0.2187285714285714,0.11605199240986712,-0.09265833333333333,0.05366363636363636,-0.030399999999999962,0.26417999999999997,0.40988571428571435,0.2776772151898734,-0.24297471264367815,0.021227876106194688,-0.53099,-0.6696500000000001,-0.10235658747300205,0.3994771428571429,0.22957547169811313,0.5724833333333333,0.19676369863013704,-0.8313,0.2070802083333333
